ID,Instagram Username,Instagram Pic Share URL,Instagram Direct Link,WasabiURL,Vintage Date,Image IPFS CID,Image IPFS URL,Metadata CID,Metadata IPFS URL,Contract Address,Token ID
1,aggretsuko,https://www.instagram.com/p/CVLXVqagVHZ/,https://instagram.fcgk26-1.fna.fbcdn.net/v/t51.2885-15/e35/246187869_254637129951783_225512577885539205_n.jpg?_nc_ht=instagram.fcgk26-1.fna.fbcdn.net&_nc_cat=103&_nc_ohc=Vf1D3hS9xSAAX8UcUWS&edm=AABBvjUBAAAA&ccb=7-4&oh=7aa74bda22a1682ffab80dcfba056c71&oe=61794983&_nc_sid=83d603,https://s3.wasabisys.com/instamint-dev/246187869_254637129951783_225512577885539205_n.jpg,10/18/2021,QmYkR8zirG6iutLt3P3Vj6K4aSgtx4e17qUVkUrnGHygfn,https://ipfs.io/ipfs/QmYkR8zirG6iutLt3P3Vj6K4aSgtx4e17qUVkUrnGHygfn,QmPbRauFkKA43hB4WN8yLbZq2bY1MatETS9CEbTvMTEUth,https://ipfs.io/ipfs/QmPbRauFkKA43hB4WN8yLbZq2bY1MatETS9CEbTvMTEUth,0x6FCA0F70BcC4a86786c79414F8E84BD542F7c250,1
2,cradleoffilth,https://www.instagram.com/p/CVSehxAsFGF/,https://instagram.fcgk26-1.fna.fbcdn.net/v/t51.2885-15/e35/246804666_323309386224407_5563681764716080390_n.jpg?_nc_ht=instagram.fcgk26-1.fna.fbcdn.net&_nc_cat=111&_nc_ohc=2Mm1fAnId9MAX8zw585&edm=AABBvjUBAAAA&ccb=7-4&oh=27ab645b8c386e5669cc12e7db6de5f2&oe=61788722&_nc_sid=83d603,https://s3.wasabisys.com/instamint-dev/246804666_323309386224407_5563681764716080390_n.jpg,10/21/2021,QmdbqewdUAXKYYwwUb2ohSPfWHpGAuoGUoaZCRKhgYjKCZ,https://ipfs.io/ipfs/QmdbqewdUAXKYYwwUb2ohSPfWHpGAuoGUoaZCRKhgYjKCZ,QmTrfs44CpjQFgdgJc4YuyfBh6epfVswk8DYXjdr5mVS4j,https://ipfs.io/ipfs/QmTrfs44CpjQFgdgJc4YuyfBh6epfVswk8DYXjdr5mVS4j,0x6FCA0F70BcC4a86786c79414F8E84BD542F7c250,2
3,kuncoro.ysf,https://www.instagram.com/p/CQ6h6dJhtql/,https://instagram.fcgk26-1.fna.fbcdn.net/v/t51.2885-15/e35/210561601_493374595103923_1779031240527018461_n.jpg?_nc_ht=instagram.fcgk26-1.fna.fbcdn.net&_nc_cat=107&_nc_ohc=__Wx0j7Jlb8AX8CHvab&edm=AABBvjUBAAAA&ccb=7-4&oh=c06b6a0b6b31cdfb8b41fe040330760e&oe=6178CDB5&_nc_sid=83d603,https://s3.wasabisys.com/instamint-dev/210561601_493374595103923_1779031240527018461_n.jpg,7/5/2021,QmX6gq7ZAy8JfMjvEeCysFyCtSqkaYoeQA8km1v8rKjbm8,https://ipfs.io/ipfs/QmX6gq7ZAy8JfMjvEeCysFyCtSqkaYoeQA8km1v8rKjbm8,QmcaWGyCtX2vSy49PyL3VR2ue6f8ZZsAZimTTg6jJfAdkg,https://ipfs.io/ipfs/QmcaWGyCtX2vSy49PyL3VR2ue6f8ZZsAZimTTg6jJfAdkg,0x6FCA0F70BcC4a86786c79414F8E84BD542F7c250,3
4,netflixkr,https://www.instagram.com/p/CUvyodjMIBd/,https://instagram.fcgk26-1.fna.fbcdn.net/v/t51.2885-15/fr/e15/s1080x1080/244693907_116215967476386_6421037760491185533_n.jpg?_nc_ht=instagram.fcgk26-1.fna.fbcdn.net&_nc_cat=106&_nc_ohc=kyOm-JD2JvkAX8k-BSB&edm=AABBvjUBAAAA&ccb=7-4&oh=b554acba55307221c0de3852118d44e3&oe=617827FD&_nc_sid=83d603,https://s3.wasabisys.com/instamint-dev/244693907_116215967476386_6421037760491185533_n.jpg,10/7/2021,QmXeLcjZB6DWcR8Cs48gBRtAbctZyVYpUkM9XAgRDCtoJv,https://ipfs.io/ipfs/QmXeLcjZB6DWcR8Cs48gBRtAbctZyVYpUkM9XAgRDCtoJv,QmNMy16QgpqKGaFGEbckn9yfP17ZRros16CbzcsgbgCrrV,https://ipfs.io/ipfs/QmNMy16QgpqKGaFGEbckn9yfP17ZRros16CbzcsgbgCrrV,0x6FCA0F70BcC4a86786c79414F8E84BD542F7c250,4
5,imdb,https://www.instagram.com/p/CVTA2QMvHLT/,https://instagram.fcgk26-1.fna.fbcdn.net/v/t51.2885-15/e35/s1080x1080/247452254_414944993489532_4571682700181802921_n.jpg?_nc_ht=instagram.fcgk26-1.fna.fbcdn.net&_nc_cat=1&_nc_ohc=2WQEX0ahyuwAX8vewQP&edm=AABBvjUBAAAA&ccb=7-4&oh=f251748c51734f1232800eabb7ccba55&oe=6179985E&_nc_sid=83d603,https://s3.wasabisys.com/instamint-dev/247452254_414944993489532_4571682700181802921_n.jpg,10/21/2021,Qma2A5qRzbdsiSHF6X6WA3Xyt2DEEuqmd5aNcjFcfnLDwd,https://ipfs.io/ipfs/Qma2A5qRzbdsiSHF6X6WA3Xyt2DEEuqmd5aNcjFcfnLDwd,Qmc5t3CwC37T3WfnBS2r3uXX9HYunH2xFHqsFSSkcse2Ce,https://ipfs.io/ipfs/Qmc5t3CwC37T3WfnBS2r3uXX9HYunH2xFHqsFSSkcse2Ce,0x6FCA0F70BcC4a86786c79414F8E84BD542F7c250,5
6,giantsquiddesigns,https://www.instagram.com/p/CVT6GLernmW/,https://instagram.fcgk26-1.fna.fbcdn.net/v/t51.2885-15/e35/s1080x1080/247287438_396881648657550_5683201067676385149_n.jpg?_nc_ht=instagram.fcgk26-1.fna.fbcdn.net&_nc_cat=106&_nc_ohc=5ev36D5q4IMAX_cFrR9&edm=AABBvjUBAAAA&ccb=7-4&oh=f8c074f3f14159f07b2c409bc88f1e01&oe=617935D9&_nc_sid=83d603,https://s3.wasabisys.com/instamint-dev/247287438_396881648657550_5683201067676385149_n.jpg,10/21/2021,QmW6tjBnBcj2hdx2GU1ZvmBh71rT56M1Tkz8p6kXDxNYk5,https://ipfs.io/ipfs/QmW6tjBnBcj2hdx2GU1ZvmBh71rT56M1Tkz8p6kXDxNYk5,QmWZkVaN7EqQ1SVzz35DBrQZHAQ9mH5Y4Kug3LqcpKyNGL,https://ipfs.io/ipfs/QmWZkVaN7EqQ1SVzz35DBrQZHAQ9mH5Y4Kug3LqcpKyNGL,0x6FCA0F70BcC4a86786c79414F8E84BD542F7c250,6
7,goldendweeb,https://www.instagram.com/p/CVT2EbEpKU1/,https://instagram.fcgk26-1.fna.fbcdn.net/v/t51.2885-15/e35/s1080x1080/247020247_555872032184789_6239046034304340173_n.jpg?_nc_ht=instagram.fcgk26-1.fna.fbcdn.net&_nc_cat=105&_nc_ohc=7Y1YEU8RFekAX9GO4jF&tn=BJB7Wjfd3FXzWwSg&edm=AABBvjUBAAAA&ccb=7-4&oh=48cf02ca59e8f6a9b9416720be55fa22&oe=6179AA73&_nc_sid=83d603,https://s3.wasabisys.com/instamint-dev/247020247_555872032184789_6239046034304340173_n.jpg,10/21/2021,QmV7JEi3WNGeD4m46nYEcqoLgb5QT3UbMbTH6mguxHZPpm,https://ipfs.io/ipfs/QmV7JEi3WNGeD4m46nYEcqoLgb5QT3UbMbTH6mguxHZPpm,QmfY42cJ32ATmos54N7hzJx1mJvK44j7esy1a5szv16Xh5,https://ipfs.io/ipfs/QmfY42cJ32ATmos54N7hzJx1mJvK44j7esy1a5szv16Xh5,0x6FCA0F70BcC4a86786c79414F8E84BD542F7c250,7
8,kyotomi974,https://www.instagram.com/p/CVUBPKFoAmA/,https://instagram.fcgk26-1.fna.fbcdn.net/v/t51.2885-15/e35/s1080x1080/246804402_370688021510828_7428926388780647323_n.jpg?_nc_ht=instagram.fcgk26-1.fna.fbcdn.net&_nc_cat=108&_nc_ohc=vaehL0WSBvQAX98a4bC&edm=AABBvjUBAAAA&ccb=7-4&oh=954069c408267b26a3663d56d3a858c1&oe=61785DBB&_nc_sid=83d603,https://s3.wasabisys.com/instamint-dev/246804402_370688021510828_7428926388780647323_n.jpg,10/23/2021,QmVnSZhaKbkYfnEj2ARqfWeGEfvySZua9H3DwKpyLxtxMv,https://ipfs.io/ipfs/QmVnSZhaKbkYfnEj2ARqfWeGEfvySZua9H3DwKpyLxtxMv,QmQm1k7VdFs1rj6uEt8QR1HfWnwZCH2mMHwS7KxCN1jMim,https://ipfs.io/ipfs/QmQm1k7VdFs1rj6uEt8QR1HfWnwZCH2mMHwS7KxCN1jMim,0x6FCA0F70BcC4a86786c79414F8E84BD542F7c250,8
9,arquivonatureza,https://www.instagram.com/p/CVT9JM_skr7/,https://instagram.fcgk26-1.fna.fbcdn.net/v/t51.2885-15/e35/247448306_381216313446868_3082287690405353313_n.jpg?_nc_ht=instagram.fcgk26-1.fna.fbcdn.net&_nc_cat=104&_nc_ohc=-ALObRyo4RgAX9sAxdR&edm=AABBvjUBAAAA&ccb=7-4&oh=e35f68f93202b99534f1df146ce262bd&oe=6179388F&_nc_sid=83d603,https://s3.wasabisys.com/instamint-dev/247448306_381216313446868_3082287690405353313_n.jpg,10/21/2021,QmanvmwNzCoGH56VoNh9wu5EzCTb1VJpobso2Z4bBcRysF,https://ipfs.io/ipfs/QmanvmwNzCoGH56VoNh9wu5EzCTb1VJpobso2Z4bBcRysF,QmS57KCLEnPTrMGCYgAanDbmYBxqB7PPzPh8rCyyV7QzVD,https://ipfs.io/ipfs/QmS57KCLEnPTrMGCYgAanDbmYBxqB7PPzPh8rCyyV7QzVD,0x6FCA0F70BcC4a86786c79414F8E84BD542F7c250,9
10,13dracko13,https://www.instagram.com/p/CVTuxH1tJZX/,https://instagram.fcgk26-1.fna.fbcdn.net/v/t51.2885-15/e35/247873877_331719512090792_4209664251653131853_n.jpg?_nc_ht=instagram.fcgk26-1.fna.fbcdn.net&_nc_cat=108&_nc_ohc=zQHZ0I0YXJEAX-p-hg5&edm=AABBvjUBAAAA&ccb=7-4&oh=6f6caaff7e169a61b1e1d232d328bc75&oe=61790520&_nc_sid=83d603,https://s3.wasabisys.com/instamint-dev/247873877_331719512090792_4209664251653131853_n.jpg,10/21/2021,QmW7w6PJBd2925JgWm6St6Uo5gyn3d4a9Js9rVeW96bh69,https://ipfs.io/ipfs/QmW7w6PJBd2925JgWm6St6Uo5gyn3d4a9Js9rVeW96bh69,QmSipgvsJfsqAv3jJNWzvhAgqU2Zm51ktDPW4hNAD3WNkV,https://ipfs.io/ipfs/QmSipgvsJfsqAv3jJNWzvhAgqU2Zm51ktDPW4hNAD3WNkV,0x6FCA0F70BcC4a86786c79414F8E84BD542F7c250,10
11,itshummel.dll,https://www.instagram.com/p/CVT9ZgjFqxI/,https://instagram.fcgk26-1.fna.fbcdn.net/v/t51.2885-15/e35/s1080x1080/247464962_630328468376736_159476687614725114_n.jpg?_nc_ht=instagram.fcgk26-1.fna.fbcdn.net&_nc_cat=100&_nc_ohc=pBq7N69BaAgAX-u8w5-&tn=BJB7Wjfd3FXzWwSg&edm=AABBvjUBAAAA&ccb=7-4&oh=09c6ca23d5d5a553e25965eb63d7a70c&oe=6179ADD0&_nc_sid=83d603,https://s3.wasabisys.com/instamint-dev/247464962_630328468376736_159476687614725114_n.jpg,10/21/2021,QmVqYGLnCERbDNawk8hZbAXZCRCYmhbiUwNPTeVDAA7wQH,https://ipfs.io/ipfs/QmVqYGLnCERbDNawk8hZbAXZCRCYmhbiUwNPTeVDAA7wQH,QmbRvapCSzqMwX7F5XYbYRVC3hKNotZre8eK1U5ukk8shP,https://ipfs.io/ipfs/QmbRvapCSzqMwX7F5XYbYRVC3hKNotZre8eK1U5ukk8shP,0x6FCA0F70BcC4a86786c79414F8E84BD542F7c250,11
12,peachypeach112,https://www.instagram.com/p/CVUB9vEpSiU/,https://instagram.fcgk26-1.fna.fbcdn.net/v/t51.2885-15/e35/s1080x1080/247149026_839955986691465_6609808753861066883_n.jpg?_nc_ht=instagram.fcgk26-1.fna.fbcdn.net&_nc_cat=109&_nc_ohc=MuwPvlt3cQoAX_wYCiY&tn=BJB7Wjfd3FXzWwSg&edm=AABBvjUBAAAA&ccb=7-4&oh=576b3741ad8f1f5c698822218fb0a1fa&oe=6178156D&_nc_sid=83d6033,https://s3.wasabisys.com/instamint-dev/247149026_839955986691465_6609808753861066883_n.jpg,10/22/21,QmcNLXajMNqhJyEHp2dMSzdMG8rsPQ5Am5WR7v8bBCfGcF,https://ipfs.io/ipfs/QmcNLXajMNqhJyEHp2dMSzdMG8rsPQ5Am5WR7v8bBCfGcF,QmaC9DG1MHVC6sPMv6DNWonLajES3GJb2TjWboFkKpMScp,https://ipfs.io/ipfs/QmaC9DG1MHVC6sPMv6DNWonLajES3GJb2TjWboFkKpMScp,0x6FCA0F70BcC4a86786c79414F8E84BD542F7c250,12
13,__.editography._,https://www.instagram.com/p/CUrD29ZBung/,https://instagram.fcgk26-1.fna.fbcdn.net/v/t51.2885-15/e35/244440034_248756777205083_401270745966007888_n.jpg?_nc_ht=instagram.fcgk26-1.fna.fbcdn.net&_nc_cat=111&_nc_ohc=mIHkIG5qL5YAX-1EDCy&edm=AABBvjUBAAAA&ccb=7-4&oh=27cc91fe395d23ca8f08676008d18e2c&oe=61792DBF&_nc_sid=83d603,https://s3.wasabisys.com/instamint-dev/244440034_248756777205083_401270745966007888_n.jpg,5/10/2021,QmPyux7AujVcidogUaXxXvgtvMU5VQtAsKeUCymZDY6Es3,https://ipfs.io/ipfs/QmPyux7AujVcidogUaXxXvgtvMU5VQtAsKeUCymZDY6Es3,Qmf3E1yGrV57houXfdF6ecJxLGzKHVvzBdqrpJMsZMUsMr,https://ipfs.io/ipfs/Qmf3E1yGrV57houXfdF6ecJxLGzKHVvzBdqrpJMsZMUsMr,0x6FCA0F70BcC4a86786c79414F8E84BD542F7c250,13
14,patrickc_la,https://www.instagram.com/p/CVTXbxFhbCh/,https://instagram.fcgk26-1.fna.fbcdn.net/v/t51.2885-15/e35/s1080x1080/244644199_375417414280575_4871279516845424569_n.jpg?_nc_ht=instagram.fcgk26-1.fna.fbcdn.net&_nc_cat=103&_nc_ohc=p1Tdsn5FJg4AX-IGuMD&edm=AABBvjUBAAAA&ccb=7-4&oh=acde7bb25029082b70ec6b799a3ddadc&oe=61798530&_nc_sid=83d603,https://s3.wasabisys.com/instamint-dev/244644199_375417414280575_4871279516845424569_n.jpg,10/21/2021,QmSoiuVin5PPmEAb6hgbuwC6cM8x5RSDz8D3eVBHtsCjjc,https://ipfs.io/ipfs/QmSoiuVin5PPmEAb6hgbuwC6cM8x5RSDz8D3eVBHtsCjjc,QmUieXizDBXpbJ1gSPKk9mB7z3JXKh5X2xK1ZLa5p4zMmZ,https://ipfs.io/ipfs/QmUieXizDBXpbJ1gSPKk9mB7z3JXKh5X2xK1ZLa5p4zMmZ,0x6FCA0F70BcC4a86786c79414F8E84BD542F7c250,14
15,kristian_aloha,https://www.instagram.com/p/CVTuhUrPVF3/,https://instagram.fcgk26-1.fna.fbcdn.net/v/t51.2885-15/e35/s1080x1080/246775626_190153953238035_6860290339956084016_n.jpg?_nc_ht=instagram.fcgk26-1.fna.fbcdn.net&_nc_cat=103&_nc_ohc=cL1nwCF5nxsAX_rr0HS&tn=BJB7Wjfd3FXzWwSg&edm=AABBvjUBAAAA&ccb=7-4&oh=0d0cca3b43004ab3b31512f034a38639&oe=6179DEEA&_nc_sid=83d603,https://s3.wasabisys.com/instamint-dev/246775626_190153953238035_6860290339956084016_n.jpg,10/21/2021,QmbnN6aoJBiRSfcEL6dz79rD5kweYK6x3SVa5UgwaXGcbp,https://ipfs.io/ipfs/QmbnN6aoJBiRSfcEL6dz79rD5kweYK6x3SVa5UgwaXGcbp,QmcsvmmshkGTd7zgeHGEitdHFBESY13SgbFDKNhXzXz1A1,https://ipfs.io/ipfs/QmcsvmmshkGTd7zgeHGEitdHFBESY13SgbFDKNhXzXz1A1,0x6FCA0F70BcC4a86786c79414F8E84BD542F7c250,15
16,one_gear_bike,https://www.instagram.com/p/CVUDhHWKAh-/,https://instagram.fcgk26-1.fna.fbcdn.net/v/t51.2885-15/fr/e15/s1080x1080/247299442_1421444998250405_2858720919944745562_n.jpg?_nc_ht=instagram.fcgk26-1.fna.fbcdn.net&_nc_cat=105&_nc_ohc=GevsxfXS8EEAX9ySy4o&edm=AABBvjUBAAAA&ccb=7-4&oh=2cca407d8afcef32562a59010ab5add9&oe=6178E68C&_nc_sid=83d603,https://s3.wasabisys.com/instamint-dev/247299442_1421444998250405_2858720919944745562_n.jpg,10/21/2021,QmNwGRAeZuDLL3eaDnfNBdh45761zw4RD2ybQProQiUxeX,https://ipfs.io/ipfs/QmNwGRAeZuDLL3eaDnfNBdh45761zw4RD2ybQProQiUxeX,QmWXYkdn6YYNPrVAcxgvM3gY4Up1Ym1xEpVsBn36zFJnrB,https://ipfs.io/ipfs/QmWXYkdn6YYNPrVAcxgvM3gY4Up1Ym1xEpVsBn36zFJnrB,0x6FCA0F70BcC4a86786c79414F8E84BD542F7c250,16
17,hailey.mahler,https://www.instagram.com/p/CVUCxD6p0RE/,https://instagram.fcgk26-1.fna.fbcdn.net/v/t51.2885-15/e35/s1080x1080/247529741_448843430191085_5838958173993863523_n.jpg?_nc_ht=instagram.fcgk26-1.fna.fbcdn.net&_nc_cat=105&_nc_ohc=JpPnbCU3lCMAX8ObLQN&edm=AABBvjUBAAAA&ccb=7-4&oh=e8faba6af68b92ffcc4169c28cf82077&oe=6178EF84&_nc_sid=83d6033,https://s3.wasabisys.com/instamint-dev/247529741_448843430191085_5838958173993863523_n.jpg,10/21/2021,QmNQ1anCqH6TgEKa2nw1UQ3X2HXXqJZz8vgwyL8qRxEdg8,https://ipfs.io/ipfs/QmNQ1anCqH6TgEKa2nw1UQ3X2HXXqJZz8vgwyL8qRxEdg8,QmcTTvKu5S5dQbWNHhfC7imr6s2LNsecAN7WG4morxVd2M,https://ipfs.io/ipfs/QmcTTvKu5S5dQbWNHhfC7imr6s2LNsecAN7WG4morxVd2M,0x6FCA0F70BcC4a86786c79414F8E84BD542F7c250,17
18,mandacree,https://www.instagram.com/p/CVUCLkJLkyR/,https://instagram.fcgk26-1.fna.fbcdn.net/v/t51.2885-15/e35/247470979_200999768823443_6032400720836484119_n.jpg?_nc_ht=instagram.fcgk26-1.fna.fbcdn.net&_nc_cat=111&_nc_ohc=rsNvn3b5EUAAX_gp0Va&edm=AABBvjUBAAAA&ccb=7-4&oh=6f45db776e13a8a13e33b8310a9d90bf&oe=61796E92&_nc_sid=83d603,https://s3.wasabisys.com/instamint-dev/247470979_200999768823443_6032400720836484119_n.jpg,10/21/2021,QmYDnyVE7Vq4QXaCj9a958BizjGCRBPLyBLER6LMRxheg1,https://ipfs.io/ipfs/QmYDnyVE7Vq4QXaCj9a958BizjGCRBPLyBLER6LMRxheg1,QmYqsQoiVtPrHBWf9HEXEU1yUvdBcqNEKVpm1ac38PpBcs,https://ipfs.io/ipfs/QmYqsQoiVtPrHBWf9HEXEU1yUvdBcqNEKVpm1ac38PpBcs,0x6FCA0F70BcC4a86786c79414F8E84BD542F7c250,18
19,solarquotes,https://www.instagram.com/p/CVUFyC5PLiG/,https://instagram.fcgk26-1.fna.fbcdn.net/v/t51.2885-15/e35/p1080x1080/247330746_1097248214419530_8809020395923081133_n.jpg?_nc_ht=instagram.fcgk26-1.fna.fbcdn.net&_nc_cat=106&_nc_ohc=L2ShQIUMv5UAX9IJsbs&tn=BJB7Wjfd3FXzWwSg&edm=AABBvjUBAAAA&ccb=7-4&oh=11be628d333bc867041885aa59681b76&oe=617926AB&_nc_sid=83d603,https://s3.wasabisys.com/instamint-dev/247330746_1097248214419530_8809020395923081133_n.jpg,10/21/2021,QmRH2T6VCZ6P1HvDJen9CRdX5FM7ju5cnni1RLzkUehnhe,https://ipfs.io/ipfs/QmRH2T6VCZ6P1HvDJen9CRdX5FM7ju5cnni1RLzkUehnhe,QmYjjzP2Lt5yuX153MjvT9hTjovtuomNCf4com5tymQHM1,https://ipfs.io/ipfs/QmYjjzP2Lt5yuX153MjvT9hTjovtuomNCf4com5tymQHM1,0x6FCA0F70BcC4a86786c79414F8E84BD542F7c250,19
20,shiggy_t,https://www.instagram.com/p/CVGKAPeNCs-/,https://instagram.fcgk26-1.fna.fbcdn.net/v/t51.2885-15/e35/p1080x1080/246032520_1400479963683112_6297447483721108804_n.jpg?_nc_ht=instagram.fcgk26-1.fna.fbcdn.net&_nc_cat=104&_nc_ohc=aqxTm6YD6IIAX8IprZE&edm=AABBvjUBAAAA&ccb=7-4&oh=6e48999cfd76b5c8cf794ac7f7dd1f78&oe=6178F212&_nc_sid=83d603,https://s3.wasabisys.com/instamint-dev/246032520_1400479963683112_6297447483721108804_n.jpg,10/16/2021,QmW6yzCwVGoXK1GW746X9rLzAHJGSNJ22eN5q42tTbWmcp,https://ipfs.io/ipfs/QmW6yzCwVGoXK1GW746X9rLzAHJGSNJ22eN5q42tTbWmcp,QmQQkcfdY8x4GCGXGs6HAd6TgQcfpFpzTsRHjxhAL2G4BY,https://ipfs.io/ipfs/QmQQkcfdY8x4GCGXGs6HAd6TgQcfpFpzTsRHjxhAL2G4BY,0x6FCA0F70BcC4a86786c79414F8E84BD542F7c250,20
21,wolf_gram__,https://www.instagram.com/p/CVUGYMqh_CD/,https://instagram.fcgk26-1.fna.fbcdn.net/v/t51.2885-15/e35/247672194_427991952044862_840802432321254825_n.webp.jpg?_nc_ht=instagram.fcgk26-1.fna.fbcdn.net&_nc_cat=106&_nc_ohc=dEQkME62EJEAX_rv57w&edm=AABBvjUBAAAA&ccb=7-4&oh=e2e273ba1ad6730ebf11bb2a797a7d1c&oe=61783326&_nc_sid=83d603,https://s3.wasabisys.com/instamint-dev/247672194_427991952044862_840802432321254825_n.webp.jpg,10/21/2021,QmX2KHJcD2TEQaEqGKJuiCCsTG61FUhV3CyFaKXRj3baVw,https://ipfs.io/ipfs/QmX2KHJcD2TEQaEqGKJuiCCsTG61FUhV3CyFaKXRj3baVw,QmY1oTtRNb7V5jtfWftUQnkumQN5sWvgPbJ9c9jXrFf7KZ,https://ipfs.io/ipfs/QmY1oTtRNb7V5jtfWftUQnkumQN5sWvgPbJ9c9jXrFf7KZ,0x6FCA0F70BcC4a86786c79414F8E84BD542F7c250,21
22,rad.iantt,https://www.instagram.com/p/CVT6PxGt600/,https://instagram.fcgk26-1.fna.fbcdn.net/v/t51.2885-15/e35/s1080x1080/246760123_490108111963060_476841743450517676_n.jpg?_nc_ht=instagram.fcgk26-1.fna.fbcdn.net&_nc_cat=104&_nc_ohc=Ff8LrNv7DO4AX8f2rvH&edm=AABBvjUBAAAA&ccb=7-4&oh=c78d1d162413a4b9bd8a5dd9fe52236a&oe=61799816&_nc_sid=83d603,https://s3.wasabisys.com/instamint-dev/246760123_490108111963060_476841743450517676_n.jpg,10/21/2021,QmSgFXAi4vijHiFWvSwyxah1Tdd9x8PasAQFYp4SMaBCeq,https://ipfs.io/ipfs/QmSgFXAi4vijHiFWvSwyxah1Tdd9x8PasAQFYp4SMaBCeq,QmV5g9SCBtUYvYoNQ5LDxMQpM5kp15pwtNAyg12YJnQfSc,https://ipfs.io/ipfs/QmV5g9SCBtUYvYoNQ5LDxMQpM5kp15pwtNAyg12YJnQfSc,0x6FCA0F70BcC4a86786c79414F8E84BD542F7c250,22
23,rozlyndubztattoos,https://www.instagram.com/p/CVUDgUmLaH-/,https://instagram.fcgk26-1.fna.fbcdn.net/v/t51.2885-15/e35/s1080x1080/246976942_1027163141459030_4461846774584438937_n.jpg?_nc_ht=instagram.fcgk26-1.fna.fbcdn.net&_nc_cat=102&_nc_ohc=9dos0-5ax8AAX-T7gS2&edm=AABBvjUBAAAA&ccb=7-4&oh=2ede84c5ab5d7aa4f6a8a90e2f89fe1d&oe=617854EE&_nc_sid=83d603,https://s3.wasabisys.com/instamint-dev/246976942_1027163141459030_4461846774584438937_n.jpg,10/21/2021,QmfUCb4ebupiX1cmNHmR1u9JaBrrHHPSKxpDd18VxNLgRd,https://ipfs.io/ipfs/QmfUCb4ebupiX1cmNHmR1u9JaBrrHHPSKxpDd18VxNLgRd,QmWdpEzZGZuNWwY8NNYMEqmZuzcd2xBjH4HarYijNQBHmL,https://ipfs.io/ipfs/QmWdpEzZGZuNWwY8NNYMEqmZuzcd2xBjH4HarYijNQBHmL,0x6FCA0F70BcC4a86786c79414F8E84BD542F7c250,23
24,omochihuahuadayo,https://www.instagram.com/p/CVIVgC_PAAx/,https://instagram.fcgk26-1.fna.fbcdn.net/v/t51.2885-15/e35/s1080x1080/246142394_1497230963977931_6481627999928924925_n.jpg?_nc_ht=instagram.fcgk26-1.fna.fbcdn.net&_nc_cat=111&_nc_ohc=EOuCkw5Rr_IAX_RuR3C&edm=AABBvjUBAAAA&ccb=7-4&oh=7abd2b1c02510fc68f1facd2ec580def&oe=61795E45&_nc_sid=83d603,https://s3.wasabisys.com/instamint-dev/246142394_1497230963977931_6481627999928924925_n.jpg,10/17/2021,QmWA6eWmyPGP8q5nM9L4hPpZ6RBUjg9fLhiREjWuH8KZjK,https://ipfs.io/ipfs/QmWA6eWmyPGP8q5nM9L4hPpZ6RBUjg9fLhiREjWuH8KZjK,QmRHUdzFhtUBk32ep9jJfQzcmrKJby4npwEVhUNk1bJ3T5,https://ipfs.io/ipfs/QmRHUdzFhtUBk32ep9jJfQzcmrKJby4npwEVhUNk1bJ3T5,0x6FCA0F70BcC4a86786c79414F8E84BD542F7c250,24
25,alena_panchishin,https://www.instagram.com/p/CVS_KvsIUma/,https://instagram.fcgk26-1.fna.fbcdn.net/v/t51.2885-15/e35/s1080x1080/246713410_266394568741047_2207367077237240387_n.jpg?_nc_ht=instagram.fcgk26-1.fna.fbcdn.net&_nc_cat=103&_nc_ohc=hhqylQx3iEYAX_ZlWhf&tn=BJB7Wjfd3FXzWwSg&edm=AABBvjUBAAAA&ccb=7-4&oh=7df3d8285906ee8ef6f1ce7e2dfa9038&oe=6178C641&_nc_sid=83d603,https://s3.wasabisys.com/instamint-dev/246713410_266394568741047_2207367077237240387_n.jpg,10/21/2021,QmcVknbtpQLcryiJkwy2U7Lx4A2EKJiFP1Eypghinr9feY,https://ipfs.io/ipfs/QmcVknbtpQLcryiJkwy2U7Lx4A2EKJiFP1Eypghinr9feY,QmRXNx7x837Phe1ijk8kKCwTAaDbak13TXq8U5yp99pNXs,https://ipfs.io/ipfs/QmRXNx7x837Phe1ijk8kKCwTAaDbak13TXq8U5yp99pNXs,0x6FCA0F70BcC4a86786c79414F8E84BD542F7c250,25
26,_sophiacarneiro,https://www.instagram.com/p/CVT89jgrk8g/,https://instagram.fcgk26-1.fna.fbcdn.net/v/t51.2885-15/e35/247318754_2913062202339932_6430156364048478922_n.jpg?_nc_ht=instagram.fcgk26-1.fna.fbcdn.net&_nc_cat=108&_nc_ohc=OLHd5FN0DK0AX_RkC1D&edm=AABBvjUBAAAA&ccb=7-4&oh=f479682839aaf6d0abafabc8d89cb901&oe=6179496A&_nc_sid=83d603,https://s3.wasabisys.com/instamint-dev/247318754_2913062202339932_6430156364048478922_n.jpg,10/21/2021,QmYNZukuS9Zjboz8XhSgTD7LDjEEmEFkBjh5FNXnkTTQz6,https://ipfs.io/ipfs/QmYNZukuS9Zjboz8XhSgTD7LDjEEmEFkBjh5FNXnkTTQz6,QmVJb3wH8Tg7zBSWoLqHSgWXh3SS34QzDisTGFv4K68bWv,https://ipfs.io/ipfs/QmVJb3wH8Tg7zBSWoLqHSgWXh3SS34QzDisTGFv4K68bWv,0x6FCA0F70BcC4a86786c79414F8E84BD542F7c250,26
27,cloudqtills,https://www.instagram.com/p/CVTxWSzKRcu/,https://instagram.fcgk26-1.fna.fbcdn.net/v/t51.2885-15/e35/s1080x1080/247165947_407128657529020_6894655067734161268_n.jpg?_nc_ht=instagram.fcgk26-1.fna.fbcdn.net&_nc_cat=104&_nc_ohc=StfyY6UzHYgAX9K2T4j&edm=AABBvjUBAAAA&ccb=7-4&oh=9db90ebe4dcc55cc0b91773de4e0a07f&oe=617975C9&_nc_sid=83d603,https://s3.wasabisys.com/instamint-dev/247165947_407128657529020_6894655067734161268_n.jpg,10/21/2021,QmegnZNadCQzTSh817WpQuLNRjvuJDzqeAvRhwpvEzzYsM,https://ipfs.io/ipfs/QmegnZNadCQzTSh817WpQuLNRjvuJDzqeAvRhwpvEzzYsM,QmZhPnwt6AMnS8qtuBqLU2ShkHMfFrXT6y3ezgCgViqPRz,https://ipfs.io/ipfs/QmZhPnwt6AMnS8qtuBqLU2ShkHMfFrXT6y3ezgCgViqPRz,0x6FCA0F70BcC4a86786c79414F8E84BD542F7c250,27
28,charity_henderson,https://www.instagram.com/p/CVTwHNArPl8/,https://instagram.fcgk26-1.fna.fbcdn.net/v/t51.2885-15/e35/s1080x1080/246849753_402805738159160_5377823605132133847_n.jpg?_nc_ht=instagram.fcgk26-1.fna.fbcdn.net&_nc_cat=108&_nc_ohc=ALGOhRe0BYYAX_VhXfj&edm=AABBvjUBAAAA&ccb=7-4&oh=fc6fcae6c09afde474ac9c95712e4631&oe=6179BAFF&_nc_sid=83d6033,https://s3.wasabisys.com/instamint-dev/246849753_402805738159160_5377823605132133847_n.jpg,10/21/2021,QmcNjx9dVZ6kyuGyBBjxvrpgQJRwxsWiNknQGKK1xUjUjh,https://ipfs.io/ipfs/QmcNjx9dVZ6kyuGyBBjxvrpgQJRwxsWiNknQGKK1xUjUjh,Qmco6sQqxiauFPXdTZKfTDPmZ2WEFCewzxBv5yPkGGWuNY,https://ipfs.io/ipfs/Qmco6sQqxiauFPXdTZKfTDPmZ2WEFCewzxBv5yPkGGWuNY,0x6FCA0F70BcC4a86786c79414F8E84BD542F7c250,28
29,micromeclothing,https://www.instagram.com/p/CVT39ZTMIxU/,https://instagram.fcgk26-1.fna.fbcdn.net/v/t51.2885-15/e35/p1080x1080/247681889_558390418570238_3546328636901376923_n.jpg?_nc_ht=instagram.fcgk26-1.fna.fbcdn.net&_nc_cat=102&_nc_ohc=skFXSF7nPwEAX-JHtpx&tn=BJB7Wjfd3FXzWwSg&edm=AABBvjUBAAAA&ccb=7-4&oh=10de2ab5c5ef68c1a3e24dd03c6ccd85&oe=61798277&_nc_sid=83d603,https://s3.wasabisys.com/instamint-dev/247681889_558390418570238_3546328636901376923_n.jpg,10/21/2021,QmaNkL3tF2E6pJmkMxtjsao8aYmM1WhcPuyZT3vsc4oV9v,https://ipfs.io/ipfs/QmaNkL3tF2E6pJmkMxtjsao8aYmM1WhcPuyZT3vsc4oV9v,QmSyVFbgsg3NkDk7sXdii4jZuJSAEr1WNajgo8H5awy6R8,https://ipfs.io/ipfs/QmSyVFbgsg3NkDk7sXdii4jZuJSAEr1WNajgo8H5awy6R8,0x6FCA0F70BcC4a86786c79414F8E84BD542F7c250,29
30,coffee.omi,https://www.instagram.com/p/CVTozFeFc0Y/,https://instagram.fcgk26-1.fna.fbcdn.net/v/t51.2885-15/e35/s1080x1080/246996727_1028863631243363_8570530481028581597_n.jpg?_nc_ht=instagram.fcgk26-1.fna.fbcdn.net&_nc_cat=111&_nc_ohc=8YjPnc51nvIAX9AUQBk&edm=AABBvjUBAAAA&ccb=7-4&oh=b36539c7dc42598f1295d2719bec0322&oe=61784D90&_nc_sid=83d6033,https://s3.wasabisys.com/instamint-dev/246996727_1028863631243363_8570530481028581597_n.jpg,10/21/2021,QmcdbbUKu7fzG6vLHS9fvf4Q95HajvBV7MJARxJpGeeCTW,https://ipfs.io/ipfs/QmcdbbUKu7fzG6vLHS9fvf4Q95HajvBV7MJARxJpGeeCTW,QmZxcnURmgFXT8FtxcMDkA2RUbr3MJ4YRBctzA7VU9dfCp,https://ipfs.io/ipfs/QmZxcnURmgFXT8FtxcMDkA2RUbr3MJ4YRBctzA7VU9dfCp,0x6FCA0F70BcC4a86786c79414F8E84BD542F7c250,30
31,gallery_shili_tokyo,https://www.instagram.com/p/CVUKD7DlO5I/,https://instagram.fcgk26-1.fna.fbcdn.net/v/t51.2885-15/e35/s1080x1080/247084278_1258169494662243_1505542952318312258_n.jpg?_nc_ht=instagram.fcgk26-1.fna.fbcdn.net&_nc_cat=103&_nc_ohc=LpW8lybjpIwAX8XRtjs&edm=AABBvjUBAAAA&ccb=7-4&oh=9425caac917d6d587bf1cfbb3fba9056&oe=6178F7A7&_nc_sid=83d603,https://s3.wasabisys.com/instamint-dev/247084278_1258169494662243_1505542952318312258_n.jpg,10/21/2021,QmdU84ZKMFXdKeiNvBhhpxVqi2Pk8cMPPkMHX16RVW3gRc,https://ipfs.io/ipfs/QmdU84ZKMFXdKeiNvBhhpxVqi2Pk8cMPPkMHX16RVW3gRc,QmYsuSz4SoNG7FKjd92PYPuhkDkUZGVx8u4bBZDhuEP9Jg,https://ipfs.io/ipfs/QmYsuSz4SoNG7FKjd92PYPuhkDkUZGVx8u4bBZDhuEP9Jg,0x6FCA0F70BcC4a86786c79414F8E84BD542F7c250,31
32,becausepossibilities,https://www.instagram.com/p/CUm20HuvulK/,https://instagram.fcgk26-1.fna.fbcdn.net/v/t51.2885-15/e35/244436778_578391643311143_8770598837988339598_n.webp.jpg?_nc_ht=instagram.fcgk26-1.fna.fbcdn.net&_nc_cat=111&_nc_ohc=RR3U_C5B0MYAX-18_D9&edm=AABBvjUBAAAA&ccb=7-4&oh=f959afdaa4e225ed64b8fc89d2bf0d5b&oe=61791528&_nc_sid=83d603,https://s3.wasabisys.com/instamint-dev/244436778_578391643311143_8770598837988339598_n.webp.jpg,10/4/2021,QmWDAqi9UYPGZTSHv9qZfCze2JUagF9RgPAgaZFpqvm2Yk,https://ipfs.io/ipfs/QmWDAqi9UYPGZTSHv9qZfCze2JUagF9RgPAgaZFpqvm2Yk,Qmd1fE22GUXikW52VKT5zz39Q36HEHxZAF2WUSWQZbMyiW,https://ipfs.io/ipfs/Qmd1fE22GUXikW52VKT5zz39Q36HEHxZAF2WUSWQZbMyiW,0x6FCA0F70BcC4a86786c79414F8E84BD542F7c250,32
33,royalcolorhk,https://www.instagram.com/p/CVUJYsyh1ZQ/,https://instagram.fcgk26-1.fna.fbcdn.net/v/t51.2885-15/e35/246911420_3328131210753602_783991390533827321_n.jpg?_nc_ht=instagram.fcgk26-1.fna.fbcdn.net&_nc_cat=102&_nc_ohc=EnO9ewxJVc8AX_bnT3G&tn=BJB7Wjfd3FXzWwSg&edm=AABBvjUBAAAA&ccb=7-4&oh=687be52455e00d5fb29df3917c58a125&oe=6178C4A9&_nc_sid=83d603,https://s3.wasabisys.com/instamint-dev/246911420_3328131210753602_783991390533827321_n.jpg,10/21/2021,QmfA63UcanFSZGJ7KtGRQPWSpbLFmyiUXMH5GufrEWYnti,https://ipfs.io/ipfs/QmfA63UcanFSZGJ7KtGRQPWSpbLFmyiUXMH5GufrEWYnti,QmVnmLKDdFq7x1y7hF8Ew2EbdDCTucQohwgoY18eVP9hZP,https://ipfs.io/ipfs/QmVnmLKDdFq7x1y7hF8Ew2EbdDCTucQohwgoY18eVP9hZP,0x6FCA0F70BcC4a86786c79414F8E84BD542F7c250,33
34,sai.0_0,https://www.instagram.com/p/CVMQ6S2PncW/,https://instagram.fcgk26-1.fna.fbcdn.net/v/t51.2885-15/e35/s1080x1080/246791223_4332096823511681_5478026496058385298_n.jpg?_nc_ht=instagram.fcgk26-1.fna.fbcdn.net&_nc_cat=105&_nc_ohc=S6oGU7o5IZMAX_JJpWm&edm=AABBvjUBAAAA&ccb=7-4&oh=e20907fc0600566907a1696fc162e347&oe=617921B8&_nc_sid=83d603,https://s3.wasabisys.com/instamint-dev/246791223_4332096823511681_5478026496058385298_n.jpg,10/18/2021,QmRyiZqBzZQHf4fSysNRng3u9YiQpehGtgsvVbDro5erPz,https://ipfs.io/ipfs/QmRyiZqBzZQHf4fSysNRng3u9YiQpehGtgsvVbDro5erPz,QmPdgahFdJ87XYVq6SD27tTDmMPTZ643tzTsDqyVD6iUzp,https://ipfs.io/ipfs/QmPdgahFdJ87XYVq6SD27tTDmMPTZ643tzTsDqyVD6iUzp,0x6FCA0F70BcC4a86786c79414F8E84BD542F7c250,34
35,estream_inc,https://www.instagram.com/p/CSbTD1MhuTV/,https://instagram.fcgk26-1.fna.fbcdn.net/v/t51.2885-15/e35/s1080x1080/234557278_4346656792083253_7211255658976116915_n.jpg?_nc_ht=instagram.fcgk26-1.fna.fbcdn.net&_nc_cat=101&_nc_ohc=T2di6OB4_hMAX91CGPQ&edm=AABBvjUBAAAA&ccb=7-4&oh=aa4b2842cb6533370dcf29e826905f95&oe=6179E5C6&_nc_sid=83d603,https://s3.wasabisys.com/instamint-dev/234557278_4346656792083253_7211255658976116915_n.jpg,8/11/2021,QmbWseDzhF1UQS8AXBYja12qA3ZhZaUimMSRzivTu23cBw,https://ipfs.io/ipfs/QmbWseDzhF1UQS8AXBYja12qA3ZhZaUimMSRzivTu23cBw,QmTjBzc81Md7ckjqd4AgD5cHwzvmstnJMYk4JUTRdtKjhF,https://ipfs.io/ipfs/QmTjBzc81Md7ckjqd4AgD5cHwzvmstnJMYk4JUTRdtKjhF,0x6FCA0F70BcC4a86786c79414F8E84BD542F7c250,35
36,ufo_graphics,https://www.instagram.com/p/CVULdSalSP_/,https://instagram.fcgk26-1.fna.fbcdn.net/v/t51.2885-15/e35/s1080x1080/246780658_220346460167513_32611685689579059_n.jpg?_nc_ht=instagram.fcgk26-1.fna.fbcdn.net&_nc_cat=105&_nc_ohc=Ag_ywh60LUAAX8S6fpA&edm=AABBvjUBAAAA&ccb=7-4&oh=dc80d02f8778c05a48fac63d83e58d91&oe=617933DA&_nc_sid=83d603,https://s3.wasabisys.com/instamint-dev/246780658_220346460167513_32611685689579059_n.jpg,10/21/2021,QmcEcYQ1oeGxrC1WSpbFqCUY5gNmmBEs2qw9t4Vy7YqZSi,https://ipfs.io/ipfs/QmcEcYQ1oeGxrC1WSpbFqCUY5gNmmBEs2qw9t4Vy7YqZSi,QmY5TQCNchx5nfQePwydRXdNcUigDihmLR8nFR4TJN1R8W,https://ipfs.io/ipfs/QmY5TQCNchx5nfQePwydRXdNcUigDihmLR8nFR4TJN1R8W,0x6FCA0F70BcC4a86786c79414F8E84BD542F7c250,36
37,epulor_cafebar,https://www.instagram.com/p/CQhpY2msvpK/,https://instagram.fcgk26-1.fna.fbcdn.net/v/t51.2885-15/e35/s1080x1080/206094073_271488598101204_4571422527894048543_n.jpg?_nc_ht=instagram.fcgk26-1.fna.fbcdn.net&_nc_cat=100&_nc_ohc=naSrLgnlGBcAX80Fmpq&tn=BJB7Wjfd3FXzWwSg&edm=AABBvjUBAAAA&ccb=7-4&oh=cbc36f2068e1d070ea281950d2677b47&oe=617893C7&_nc_sid=83d603,https://s3.wasabisys.com/instamint-dev/206094073_271488598101204_4571422527894048543_n.jpg,6/25/2021,QmTJgzqYhzY3iUjtPo1f9dbQTijEQHCt72y3PiP5Y9sWDn,https://ipfs.io/ipfs/QmTJgzqYhzY3iUjtPo1f9dbQTijEQHCt72y3PiP5Y9sWDn,QmS6tafSDH8sBbwZUPvkpA7rwghmhAmfqDPfGdne8MgG21,https://ipfs.io/ipfs/QmS6tafSDH8sBbwZUPvkpA7rwghmhAmfqDPfGdne8MgG21,0x6FCA0F70BcC4a86786c79414F8E84BD542F7c250,37
38,skiima_official,https://www.instagram.com/p/CVC7dzbh7-2/,https://instagram.fcgk26-1.fna.fbcdn.net/v/t51.2885-15/e35/s1080x1080/245256581_166065065718253_1623698814668328804_n.jpg?_nc_ht=instagram.fcgk26-1.fna.fbcdn.net&_nc_cat=101&_nc_ohc=ph1E2qSCHPAAX-ydBS8&edm=AABBvjUBAAAA&ccb=7-4&oh=8cf423275b915048b22f84d07b243962&oe=6178306A&_nc_sid=83d603,https://s3.wasabisys.com/instamint-dev/245256581_166065065718253_1623698814668328804_n.jpg,10/15/2021,QmNqz5e2DPHP1kgVch7hdBPgKrK3aNxYo6LksG6fbJWMtX,https://ipfs.io/ipfs/QmNqz5e2DPHP1kgVch7hdBPgKrK3aNxYo6LksG6fbJWMtX,QmRANGVxjxEj3FGPRvp5ifap7GuqB1RfZqafkxJsnZzCwR,https://ipfs.io/ipfs/QmRANGVxjxEj3FGPRvp5ifap7GuqB1RfZqafkxJsnZzCwR,0x6FCA0F70BcC4a86786c79414F8E84BD542F7c250,38
39,doubleoo96,https://www.instagram.com/p/CVKGZkbvLd6/,https://instagram.fcgk26-1.fna.fbcdn.net/v/t51.2885-15/e35/s1080x1080/245273786_2900196210230616_1875806006227532584_n.jpg?_nc_ht=instagram.fcgk26-1.fna.fbcdn.net&_nc_cat=100&_nc_ohc=vvDhoTzGfRwAX8dOMlV&tn=BJB7Wjfd3FXzWwSg&edm=AABBvjUBAAAA&ccb=7-4&oh=633cba12e3c848bdb5d042247d502679&oe=617955B8&_nc_sid=83d603,https://s3.wasabisys.com/instamint-dev/245273786_2900196210230616_1875806006227532584_n.jpg,10/17/2021,Qmcmom5Gq6SDePs2aK3aG9oQC5tRdUmJyjF4Sg5uwx6MVi,https://ipfs.io/ipfs/Qmcmom5Gq6SDePs2aK3aG9oQC5tRdUmJyjF4Sg5uwx6MVi,QmawupNyrCpS6kt9S6ByHAAh4BrYggfzpyy7xRmuBcpAKz,https://ipfs.io/ipfs/QmawupNyrCpS6kt9S6ByHAAh4BrYggfzpyy7xRmuBcpAKz,0x6FCA0F70BcC4a86786c79414F8E84BD542F7c250,39
40,legendary_kazu,https://www.instagram.com/p/CVUE9SNPToB/,https://instagram.fcgk26-1.fna.fbcdn.net/v/t51.2885-15/e35/s1080x1080/248372190_456930649083359_8742621700755192827_n.jpg?_nc_ht=instagram.fcgk26-1.fna.fbcdn.net&_nc_cat=111&_nc_ohc=B5BIQufqpN8AX_ifJjQ&tn=BJB7Wjfd3FXzWwSg&edm=AABBvjUBAAAA&ccb=7-4&oh=292aedad9d9871420a0ea2aec668f94f&oe=6178F283&_nc_sid=83d603,https://s3.wasabisys.com/instamint-dev/248372190_456930649083359_8742621700755192827_n.jpg,10/21/2021,QmQiJtSgELjgBuQxLyCDjS5UeRitJCT11xRTxAgXYrzaFw,https://ipfs.io/ipfs/QmQiJtSgELjgBuQxLyCDjS5UeRitJCT11xRTxAgXYrzaFw,QmZ8pexBTyebgmJb6R1sGskjHTt6FdYBzxHc1wseNpkcDU,https://ipfs.io/ipfs/QmZ8pexBTyebgmJb6R1sGskjHTt6FdYBzxHc1wseNpkcDU,0x6FCA0F70BcC4a86786c79414F8E84BD542F7c250,40
41,alien_astro_dad,https://www.instagram.com/p/CVLQmXdN4l9/,https://instagram.fcgk26-1.fna.fbcdn.net/v/t51.2885-15/e35/s1080x1080/246038313_750007502476520_8587082036697972438_n.jpg?_nc_ht=instagram.fcgk26-1.fna.fbcdn.net&_nc_cat=108&_nc_ohc=-Ahs4TFMi8EAX8rGUY6&edm=AABBvjUBAAAA&ccb=7-4&oh=a0e2c47ebe82e650649ce96649b51dbf&oe=6179FE20&_nc_sid=83d603,https://s3.wasabisys.com/instamint-dev/246038313_750007502476520_8587082036697972438_n.jpg,10/18/2021,QmPrcH4FqvWrZgGqcJcCz1BacA9onNUTZTXuWMMvMY3Xw1,https://ipfs.io/ipfs/QmPrcH4FqvWrZgGqcJcCz1BacA9onNUTZTXuWMMvMY3Xw1,QmR4utnYVkUqx8bo8NmhESKpYfcNqYiCCC6AtpuDxJYMPk,https://ipfs.io/ipfs/QmR4utnYVkUqx8bo8NmhESKpYfcNqYiCCC6AtpuDxJYMPk,0x6FCA0F70BcC4a86786c79414F8E84BD542F7c250,41
42,spacehotellondon,https://www.instagram.com/p/CVS97ZnAK5e/,https://instagram.fcgk26-1.fna.fbcdn.net/v/t51.2885-15/e35/s1080x1080/246839290_2672341389579183_6750381841986439367_n.jpg?_nc_ht=instagram.fcgk26-1.fna.fbcdn.net&_nc_cat=103&_nc_ohc=f-rWrJLtzyIAX9waMk_&edm=AABBvjUBAAAA&ccb=7-4&oh=7e6efd87e6cc6579d3e8f2961659a32d&oe=61787074&_nc_sid=83d603,https://s3.wasabisys.com/instamint-dev/246839290_2672341389579183_6750381841986439367_n.jpg,10/21/2021,QmNp3mbvRDQjN5AZcsenR2GNyAYcR92hN5qT76eU3V2Sty,https://ipfs.io/ipfs/QmNp3mbvRDQjN5AZcsenR2GNyAYcR92hN5qT76eU3V2Sty,QmbUV2yzMtvRJa2nELskYN2VF4rRgahTPqhR6znLkcigb2,https://ipfs.io/ipfs/QmbUV2yzMtvRJa2nELskYN2VF4rRgahTPqhR6znLkcigb2,0x6FCA0F70BcC4a86786c79414F8E84BD542F7c250,42
43,starwalkapp,https://www.instagram.com/p/CVSkgUrrYVe/,https://instagram.fcgk26-1.fna.fbcdn.net/v/t51.2885-15/fr/e15/s1080x1080/246888369_1468776976849008_5080195778213535182_n.jpg?_nc_ht=instagram.fcgk26-1.fna.fbcdn.net&_nc_cat=100&_nc_ohc=lCobTOnEjCsAX9y3nD-&edm=AABBvjUBAAAA&ccb=7-4&oh=e234453c5a1a4e0dc9e8035a95dab870&oe=61797AC8&_nc_sid=83d603,https://s3.wasabisys.com/instamint-dev/246888369_1468776976849008_5080195778213535182_n.jpg,10/21/2021,QmQkE9LYFJXRtnRGGrjGawkWVvTMqoPCraxdjZqzaz3wNz,https://ipfs.io/ipfs/QmQkE9LYFJXRtnRGGrjGawkWVvTMqoPCraxdjZqzaz3wNz,QmUE4C67iYvS3uQ4ETyQTmyP5n5bHFYCTRZSr2tsoFFBXY,https://ipfs.io/ipfs/QmUE4C67iYvS3uQ4ETyQTmyP5n5bHFYCTRZSr2tsoFFBXY,0x6FCA0F70BcC4a86786c79414F8E84BD542F7c250,43
44,kpaviobyruben,https://www.instagram.com/p/CVN9-qTIogM/,https://instagram.fcgk26-1.fna.fbcdn.net/v/t51.2885-15/e35/s1080x1080/246244529_412084610463678_2791129285817535909_n.jpg?_nc_ht=instagram.fcgk26-1.fna.fbcdn.net&_nc_cat=106&_nc_ohc=ZHMS7EWhI7EAX-NUuT0&edm=AABBvjUBAAAA&ccb=7-4&oh=830a36e303439100c74cccbae95e79b6&oe=6179FE55&_nc_sid=83d603,https://s3.wasabisys.com/instamint-dev/246244529_412084610463678_2791129285817535909_n.jpg,10/19/2021,QmejNJ2tFxhjhy6eYVuhhcvhXzcgPk9h9t8AGXMmc7wkKv,https://ipfs.io/ipfs/QmejNJ2tFxhjhy6eYVuhhcvhXzcgPk9h9t8AGXMmc7wkKv,QmQfY5vn6DBowCXHo4H4wwndjrwKhRzWGyKM8DyxHzWacA,https://ipfs.io/ipfs/QmQfY5vn6DBowCXHo4H4wwndjrwKhRzWGyKM8DyxHzWacA,0x6FCA0F70BcC4a86786c79414F8E84BD542F7c250,44
45,visuals.of.meler,https://www.instagram.com/p/CVNiKGNqkuu/,https://instagram.fcgk26-1.fna.fbcdn.net/v/t51.2885-15/e35/p1080x1080/246500474_4348193038630619_3140460020113711090_n.jpg?_nc_ht=instagram.fcgk26-1.fna.fbcdn.net&_nc_cat=111&_nc_ohc=8RsW0KI7pGwAX9geXcr&edm=AABBvjUBAAAA&ccb=7-4&oh=ae7bab85e60381e10310ec2556d522f2&oe=6179B177&_nc_sid=83d603,https://s3.wasabisys.com/instamint-dev/246500474_4348193038630619_3140460020113711090_n.jpg,10/19/2021,QmbyAZYVTUHvcDH4Wjiw7CVu4YWwXFjynoxHPn8FkhqpLX,https://ipfs.io/ipfs/QmbyAZYVTUHvcDH4Wjiw7CVu4YWwXFjynoxHPn8FkhqpLX,QmfPgzVqEzs7cqESeYRMq1HSX8mxvS6UKxeA1C3izSKXR2,https://ipfs.io/ipfs/QmfPgzVqEzs7cqESeYRMq1HSX8mxvS6UKxeA1C3izSKXR2,0x6FCA0F70BcC4a86786c79414F8E84BD542F7c250,45
46,t_stepanek,https://www.instagram.com/p/CVS6xAZs_D5/,https://instagram.fcgk26-1.fna.fbcdn.net/v/t51.2885-15/e35/247392720_590349335491088_4966619795061246014_n.jpg?_nc_ht=instagram.fcgk26-1.fna.fbcdn.net&_nc_cat=108&_nc_ohc=Pzwai65-AeoAX8Hv5Jb&tn=BJB7Wjfd3FXzWwSg&edm=AABBvjUBAAAA&ccb=7-4&oh=9a5b79b0863fe5d5d6c1ef405874b23d&oe=61790E3A&_nc_sid=83d603,https://s3.wasabisys.com/instamint-dev/247392720_590349335491088_4966619795061246014_n.jpg,10/21/2021,QmUahMNDY3WbZnbU481336U5dZJ7nxEoatFCwGXhMZo5HS,https://ipfs.io/ipfs/QmUahMNDY3WbZnbU481336U5dZJ7nxEoatFCwGXhMZo5HS,QmbkZo5hdAQfD2ZMJpjugatasUniFECJZ3ioTw1qcmSrp3,https://ipfs.io/ipfs/QmbkZo5hdAQfD2ZMJpjugatasUniFECJZ3ioTw1qcmSrp3,0x6FCA0F70BcC4a86786c79414F8E84BD542F7c250,46
47,ezworldtravel,https://www.instagram.com/p/CVUMVe4v9ml/,https://instagram.fcgk26-1.fna.fbcdn.net/v/t51.2885-15/e35/s1080x1080/247581016_870510743834405_5090317932422528202_n.jpg?_nc_ht=instagram.fcgk26-1.fna.fbcdn.net&_nc_cat=105&_nc_ohc=2jZDN7DJpCQAX_m9WMZ&tn=BJB7Wjfd3FXzWwSg&edm=AABBvjUBAAAA&ccb=7-4&oh=c38c5c11839c1873b76dda57a505586f&oe=6178C877&_nc_sid=83d603,https://s3.wasabisys.com/instamint-dev/247581016_870510743834405_5090317932422528202_n.jpg,10/21/2021,QmaUPMQiEWCr6meqRotP23geE3vHUkqUsiLS9Ktgs2V9oe,https://ipfs.io/ipfs/QmaUPMQiEWCr6meqRotP23geE3vHUkqUsiLS9Ktgs2V9oe,QmYEtKj7WgfRRvGVuojY5MSGh31akBrHjFzmEaweqdCTen,https://ipfs.io/ipfs/QmYEtKj7WgfRRvGVuojY5MSGh31akBrHjFzmEaweqdCTen,0x6FCA0F70BcC4a86786c79414F8E84BD542F7c250,47
48,markthomasphotography,https://www.instagram.com/p/CIpRj8ugcdd/,https://instagram.fcgk26-1.fna.fbcdn.net/v/t51.2885-15/e35/s1080x1080/130174207_1037949136705597_3117354114884106502_n.jpg?_nc_ht=instagram.fcgk26-1.fna.fbcdn.net&_nc_cat=101&_nc_ohc=Lf8AI_7GeX8AX_avjeo&tn=BJB7Wjfd3FXzWwSg&edm=AABBvjUBAAAA&ccb=7-4&oh=801a4675957d630e92c1bdb0fe8ba4a8&oe=6179CBF4&_nc_sid=83d603,https://s3.wasabisys.com/instamint-dev/130174207_1037949136705597_3117354114884106502_n.jpg,12/11/2020,QmeVLremNRi7QfTatgcLJfgXgZJBKNenPnsoCsHbAAezKn,https://ipfs.io/ipfs/QmeVLremNRi7QfTatgcLJfgXgZJBKNenPnsoCsHbAAezKn,QmcmuKxwLBAZXvqWzhimaoGKLiPJHELZpgNHznE3P1b2mp,https://ipfs.io/ipfs/QmcmuKxwLBAZXvqWzhimaoGKLiPJHELZpgNHznE3P1b2mp,0x6FCA0F70BcC4a86786c79414F8E84BD542F7c250,48
49,nies.ch,https://www.instagram.com/p/B1MJEXuC-OF/,https://instagram.fcgk26-1.fna.fbcdn.net/v/t51.2885-15/e35/s1080x1080/69407341_911399185876865_1977591849546084868_n.jpg?_nc_ht=instagram.fcgk26-1.fna.fbcdn.net&_nc_cat=105&_nc_ohc=HpwzCItnJGQAX-InxXP&edm=AABBvjUBAAAA&ccb=7-4&oh=a2a02597e98005f9413ad4796f9f5722&oe=6178A6B0&_nc_sid=83d603,https://s3.wasabisys.com/instamint-dev/69407341_911399185876865_1977591849546084868_n.jpg,8/15/2019,QmYCC761LkpdakgKg7duJ2ZYVRz59zjx9MDmMX6iaU2dzv,https://ipfs.io/ipfs/QmYCC761LkpdakgKg7duJ2ZYVRz59zjx9MDmMX6iaU2dzv,QmdRynYMyu5yzhYywrZX3WJS41WUfeHnYJeSnc5tuTqMni,https://ipfs.io/ipfs/QmdRynYMyu5yzhYywrZX3WJS41WUfeHnYJeSnc5tuTqMni,0x6FCA0F70BcC4a86786c79414F8E84BD542F7c250,49
50,slowyourselfdown,https://www.instagram.com/p/CVUKWi6lLRx/,https://instagram.fcgk26-1.fna.fbcdn.net/v/t51.2885-15/fr/e15/s1080x1080/246894595_987198958516281_3487473656552913564_n.jpg?_nc_ht=instagram.fcgk26-1.fna.fbcdn.net&_nc_cat=109&_nc_ohc=0IS6ddm2--MAX9EYt8r&edm=AABBvjUBAAAA&ccb=7-4&oh=49e21dafca138be4a33874a904282862&oe=6179ABE2&_nc_sid=83d603,https://s3.wasabisys.com/instamint-dev/246894595_987198958516281_3487473656552913564_n.jpg,10/21/2021,QmfGcAV32PjZzQMbPYuJW6DrREnXVkvN7DbFsYgUQGZn7G,https://ipfs.io/ipfs/QmfGcAV32PjZzQMbPYuJW6DrREnXVkvN7DbFsYgUQGZn7G,QmPond5xcvrQekweyDTcoitzHCKaMnseA92n7ter7kjeHg,https://ipfs.io/ipfs/QmPond5xcvrQekweyDTcoitzHCKaMnseA92n7ter7kjeHg,0x6FCA0F70BcC4a86786c79414F8E84BD542F7c250,50
